label,Filename
0,S36-SVT-170.txt
0,S36-SVT-171.txt
0,S36-SVT-172.txt
0,S36-SVT-173.txt
0,S36-SVT-174.txt
0,S36-SVT-175.txt
0,S36-SVT-176.txt
0,S36-SVT-177.txt
0,S36-SVT-178.txt
0,S36-SVT-179.txt
0,S36-SVT-180.txt
0,S36-SVT-181.txt
0,S36-SVT-182.txt
0,S36-SVT-183.txt
0,S36-SVT-184.txt
0,S36-SVT-185.txt
0,S36-SVT-186.txt
0,S36-SVT-187.txt
0,S36-SVT-188.txt
0,S36-SVT-189.txt
0,S36-SVT-190.txt
0,S36-SVT-191.txt
0,S36-SVT-192.txt
0,S36-SVT-193.txt
0,S36-SVT-194.txt
0,S36-SVT-195.txt
0,S36-SVT-196.txt
0,S36-SVT-197.txt
0,S36-SVT-198.txt
0,S36-SVT-199.txt
0,S36-SVT-200.txt
0,S36-SVT-201.txt
0,S36-SVT-202.txt
0,S36-SVT-203.txt
0,S36-SVT-204.txt
0,S36-SVT-205.txt
0,S36-SVT-206.txt
0,S36-SVT-207.txt
0,S36-SVT-208.txt
0,S36-SVT-209.txt
0,S36-SVT-210.txt
0,S36-SVT-211.txt
0,S36-SVT-212.txt
0,S36-SVT-213.txt
0,S36-SVT-214.txt
0,S36-SVT-215.txt
0,S36-SVT-216.txt
0,S36-SVT-217.txt
0,S36-SVT-218.txt
0,S36-SVT-219.txt
0,S36-SVT-220.txt
0,S36-SVT-221.txt
0,S36-SVT-222.txt
0,S36-SVT-223.txt
0,S36-SVT-224.txt
0,S36-SVT-225.txt
0,S36-SVT-226.txt
0,S69-SR-131.txt
0,S69-SR-132.txt
0,S69-SR-133.txt
0,S69-SR-134.txt
0,S69-SR-135.txt
0,S69-SR-136.txt
0,S69-SR-137.txt
0,S69-SR-138.txt
0,S69-SR-139.txt
0,S69-SR-140.txt
0,S69-SR-141.txt
0,S69-SR-142.txt
0,S69-SR-143.txt
0,S69-SR-144.txt
0,S69-SR-145.txt
0,S69-SR-146.txt
0,S69-SR-147.txt
0,S69-SR-148.txt
0,S69-SR-149.txt
0,S69-SR-150.txt
0,S69-SR-151.txt
0,S69-SR-152.txt
0,S69-SR-153.txt
0,S69-SR-154.txt
0,S69-SR-155.txt
0,S69-SR-156.txt
0,S69-SR-157.txt
0,S69-SR-158.txt
0,S69-SR-159.txt
0,S69-SR-160.txt
0,S69-SR-161.txt
0,S69-SR-162.txt
0,S69-SR-163.txt
0,S69-SR-164.txt
0,S69-SR-165.txt
0,S69-SR-166.txt
0,S69-SR-167.txt
0,S69-SR-168.txt
0,S69-SR-169.txt
0,S69-SR-170.txt
0,S69-SR-171.txt
0,S69-SR-172.txt
0,S69-SR-173.txt
0,S69-SR-174.txt
0,S69-SR-175.txt
0,S69-SR-176.txt
0,S69-SR-177.txt
0,S69-SR-178.txt
0,S69-SR-179.txt
0,S69-SR-180.txt
0,S69-SR-181.txt
0,S69-SR-182.txt
0,S69-SR-183.txt
0,S69-SR-184.txt
0,S69-SR-185.txt
0,S69-SR-186.txt
0,S69-SR-187.txt
0,S69-SR-188.txt
1,S24-VT-157.txt
1,S24-VT-159.txt
1,S24-VT-161.txt
1,S24-VT-162.txt
1,S24-VT-164.txt
0,S59-AFb-57.txt
0,S59-AFb-58.txt
0,S59-AFb-59.txt
0,S26-SR-59.txt
0,S26-SR-62.txt
0,S26-SR-63.txt
0,S26-SR-152.txt
0,S26-SR-153.txt
0,S26-SR-154.txt
0,S26-SR-155.txt
0,S26-SR-156.txt
0,S26-SR-157.txt
0,S26-SR-158.txt
0,S26-SR-159.txt
0,S26-SR-160.txt
0,S26-SR-161.txt
0,S26-SR-227.txt
0,S26-SR-228.txt
0,S26-SR-229.txt
0,S26-SR-230.txt
0,S26-SR-231.txt
0,S26-SR-232.txt
0,S26-SR-233.txt
0,S26-SR-234.txt
0,S26-SR-235.txt
0,S26-SR-236.txt
0,S26-SR-243.txt
0,S26-SR-244.txt
0,S26-SR-245.txt
0,S26-SR-246.txt
0,S26-SR-247.txt
0,S26-SR-248.txt
0,S26-SR-249.txt
0,S26-SR-250.txt
0,S26-SR-251.txt
0,S26-SR-252.txt
0,S26-SR-273.txt
0,S26-SR-274.txt
0,S26-SR-275.txt
0,S26-SR-276.txt
0,S26-SR-285.txt
0,S26-SR-286.txt
0,S26-SR-287.txt
0,S26-SR-290.txt
0,S26-SR-291.txt
0,S26-SR-292.txt
0,S26-SR-294.txt
0,S26-SR-295.txt
0,S26-SR-296.txt
0,S26-SR-297.txt
0,S26-SR-298.txt
0,S26-SR-306.txt
0,S26-SR-307.txt
0,S26-SR-308.txt
0,S26-SR-317.txt
0,S26-SR-319.txt
0,S26-SR-320.txt
0,S26-SR-326.txt
0,S26-SR-327.txt
0,S26-SR-328.txt
0,S26-SR-329.txt
0,S26-SR-330.txt
0,S26-SR-331.txt
0,S26-SR-332.txt
0,S26-SR-333.txt
0,S26-SR-339.txt
0,S26-SR-341.txt
0,S26-SR-342.txt
0,S26-SR-350.txt
0,S26-SR-351.txt
0,S26-SR-352.txt
0,S26-SR-353.txt
0,S26-SR-359.txt
0,S26-SR-360.txt
0,S26-SR-361.txt
0,S26-SR-362.txt
0,S26-SR-363.txt
0,S26-SR-364.txt
0,S26-SR-365.txt
0,S26-SR-371.txt
0,S26-SR-372.txt
0,S26-SR-373.txt
0,S26-SR-374.txt
0,S26-SR-375.txt
0,S26-SR-376.txt
0,S26-SR-383.txt
0,S26-SR-384.txt
0,S26-SR-385.txt
0,S26-SR-386.txt
0,S26-SR-387.txt
0,S26-SR-388.txt
0,S26-SR-389.txt
0,S26-SR-390.txt
0,S26-SR-391.txt
0,S26-SR-392.txt
0,S26-SR-393.txt
0,S26-SR-397.txt
0,S26-SR-398.txt
0,S26-SR-399.txt
0,S26-SR-400.txt
0,S26-SR-406.txt
0,S26-SR-407.txt
0,S26-SR-408.txt
0,S26-SR-409.txt
0,S26-SR-410.txt
0,S26-SR-411.txt
0,S26-SR-412.txt
0,S26-SR-413.txt
0,S26-SR-414.txt
0,S26-SR-417.txt
0,S26-SR-418.txt
0,S26-SR-419.txt
0,S26-SR-420.txt
0,S26-SR-421.txt
0,S26-SR-428.txt
0,S26-SR-439.txt
0,S26-SR-440.txt
0,S26-SR-449.txt
0,S26-SR-450.txt
0,S26-SR-451.txt
0,S26-SR-452.txt
0,S26-SR-453.txt
0,S26-SR-454.txt
0,S26-SR-455.txt
0,S26-SR-456.txt
0,S26-SR-459.txt
0,S26-SR-460.txt
0,S26-SR-461.txt
0,S26-SR-462.txt
0,S26-SR-470.txt
0,S26-SR-471.txt
0,S26-SR-472.txt
0,S26-SR-473.txt
0,S26-SR-476.txt
0,S26-SR-477.txt
0,S26-SR-479.txt
0,S26-SR-480.txt
0,S26-SR-481.txt
0,S26-SR-490.txt
0,S26-SR-491.txt
0,S26-SR-501.txt
0,S26-SR-502.txt
0,S26-SR-508.txt
0,S26-SR-509.txt
0,S26-SR-510.txt
0,S26-SR-511.txt
0,S26-SR-512.txt
0,S26-SR-513.txt
0,S26-SR-514.txt
0,S26-SR-515.txt
0,S26-SR-516.txt
0,S26-SR-520.txt
0,S26-SR-521.txt
0,S26-SR-522.txt
0,S26-SR-523.txt
0,S26-SR-524.txt
0,S26-SR-525.txt
0,S26-SR-526.txt
0,S26-SR-527.txt
0,S26-SR-528.txt
0,S26-SR-530.txt
0,S26-SR-531.txt
0,S26-SR-532.txt
0,S26-SR-533.txt
0,S26-SR-534.txt
0,S26-SR-549.txt
0,S26-SR-550.txt
0,S26-SR-551.txt
0,S26-SR-552.txt
0,S26-SR-553.txt
0,S26-SR-554.txt
0,S26-SR-555.txt
0,S26-SR-556.txt
0,S26-SR-557.txt
0,S26-SR-558.txt
0,S26-SR-559.txt
0,S26-SR-560.txt
0,S26-SR-562.txt
0,S26-SR-563.txt
0,S26-SR-564.txt
0,S26-SR-565.txt
0,S26-SR-566.txt
0,S26-SR-567.txt
0,S26-SR-568.txt
0,S26-SR-569.txt
0,S26-SR-573.txt
0,S26-SR-574.txt
0,S26-SR-575.txt
0,S26-SR-576.txt
0,S26-SR-577.txt
0,S26-SR-578.txt
0,S26-SR-579.txt
0,S26-SR-580.txt
0,S26-SR-583.txt
0,S26-SR-587.txt
0,S26-SR-588.txt
0,S26-SR-589.txt
0,S26-SR-590.txt
0,S26-SR-593.txt
0,S26-SR-594.txt
0,S26-SR-595.txt
0,S26-SR-596.txt
0,S26-SR-597.txt
0,S26-SR-598.txt
0,S26-SR-599.txt
0,S26-SR-600.txt
0,S26-SR-601.txt
0,S26-SR-602.txt
0,S26-SR-603.txt
0,S26-SR-604.txt
0,S26-SR-605.txt
0,S26-SR-606.txt
0,S26-SR-607.txt
0,S26-SR-608.txt
0,S26-SR-609.txt
0,S26-SR-610.txt
0,S26-SR-611.txt
0,S26-SR-613.txt
0,S26-SR-614.txt
0,S26-SR-615.txt
0,S26-SR-616.txt
0,S26-SR-617.txt
0,S26-SR-618.txt
0,S26-SR-619.txt
0,S26-SR-620.txt
0,S26-SR-621.txt
0,S26-SR-624.txt
0,S26-SR-625.txt
0,S26-SR-626.txt
0,S26-SR-627.txt
0,S26-SR-628.txt
0,S26-SR-629.txt
0,S26-SR-630.txt
0,S26-SR-631.txt
0,S26-SR-632.txt
0,S26-SR-633.txt
0,S26-SR-634.txt
0,S26-SR-635.txt
0,S26-SR-636.txt
0,S26-SR-637.txt
0,S26-SR-638.txt
0,S26-SR-639.txt
0,S26-SR-640.txt
0,S26-SR-641.txt
0,S26-SR-644.txt
0,S26-SR-645.txt
0,S26-SR-646.txt
0,S26-SR-647.txt
0,S26-SR-648.txt
0,S26-SR-649.txt
0,S26-SR-650.txt
0,S26-SR-651.txt
0,S26-SR-652.txt
0,S26-SR-654.txt
0,S26-SR-655.txt
0,S26-SR-656.txt
0,S26-SR-657.txt
0,S26-SR-658.txt
0,S26-SR-659.txt
0,S26-SR-660.txt
0,S26-SR-661.txt
0,S26-SR-662.txt
0,S26-SR-665.txt
0,S26-SR-666.txt
0,S26-SR-667.txt
0,S26-SR-668.txt
0,S64-SR-282.txt
0,S64-SR-283.txt
0,S64-SR-284.txt
0,S64-SR-285.txt
0,S28-SR-413.txt
0,S28-SR-414.txt
0,S28-SR-462.txt
0,S28-SR-464.txt
0,S28-SVT-274.txt
0,S28-SVT-275.txt
0,S28-SVT-276.txt
0,S28-SVT-277.txt
0,S28-SVT-278.txt
0,S28-SVT-279.txt
0,S28-SVT-280.txt
0,S28-SVT-281.txt
0,S28-SVT-282.txt
0,S28-SVT-283.txt
0,S28-SVT-284.txt
0,S28-SVT-285.txt
0,S28-SVT-286.txt
0,S28-SVT-287.txt
0,S28-SVT-288.txt
0,S28-SVT-289.txt
0,S28-SVT-290.txt
0,S28-SVT-291.txt
0,S28-SVT-292.txt
0,S28-SVT-293.txt
0,S28-SVT-294.txt
0,S28-SVT-295.txt
0,S28-SVT-296.txt
0,S28-SVT-297.txt
0,S28-SVT-298.txt
0,S28-SVT-299.txt
0,S28-SVT-300.txt
0,S28-SVT-301.txt
0,S28-SVT-302.txt
0,S28-SVT-303.txt
0,S28-SVT-304.txt
0,S28-SVT-305.txt
0,S28-SVT-306.txt
0,S28-SVT-307.txt
0,S28-SVT-308.txt
0,S28-SVT-309.txt
0,S28-SVT-310.txt
0,S28-SVT-311.txt
0,S28-SVT-312.txt
0,S28-SVT-313.txt
0,S28-SVT-314.txt
0,S28-SVT-315.txt
0,S28-SVT-316.txt
0,S28-SVT-317.txt
0,S28-SVT-318.txt
0,S28-SVT-319.txt
0,S28-SVT-320.txt
0,S28-SVT-321.txt
0,S28-SVT-322.txt
0,S28-SVT-323.txt
0,S28-SVT-324.txt
0,S28-SVT-325.txt
0,S28-SVT-326.txt
0,S28-SVT-327.txt
0,S28-SVT-328.txt
0,S28-SVT-329.txt
0,S28-SVT-330.txt
0,S28-SVT-331.txt
0,S28-SVT-332.txt
0,S28-SVT-333.txt
0,S28-SVT-334.txt
0,S28-SVT-335.txt
0,S28-SVT-336.txt
0,S28-SVT-337.txt
0,S28-SVT-338.txt
0,S28-SVT-339.txt
0,S28-SVT-340.txt
0,S28-SVT-341.txt
0,S28-SVT-342.txt
0,S28-SVT-343.txt
0,S28-SVT-344.txt
0,S28-SVT-345.txt
0,S28-SVT-346.txt
0,S28-SVT-347.txt
0,S28-SVT-348.txt
0,S28-SVT-349.txt
0,S28-SVT-350.txt
0,S28-SVT-351.txt
0,S28-SVT-352.txt
0,S28-SVT-353.txt
0,S28-SVT-354.txt
0,S28-SVT-355.txt
0,S28-SVT-356.txt
0,S28-SVT-357.txt
0,S28-SVT-358.txt
0,S28-SVT-359.txt
0,S28-SVT-360.txt
0,S28-SVT-361.txt
0,S28-SVT-362.txt
0,S28-SVT-363.txt
0,S28-SVT-364.txt
0,S28-SVT-365.txt
0,S28-SVT-366.txt
0,S28-SVT-367.txt
0,S28-SVT-368.txt
0,S28-SVT-369.txt
0,S28-SVT-370.txt
0,S28-SVT-371.txt
0,S28-SVT-372.txt
0,S28-SVT-373.txt
0,S28-SVT-374.txt
0,S28-SVT-375.txt
0,S28-SVT-376.txt
0,S28-SVT-377.txt
0,S28-SVT-378.txt
0,S28-SVT-379.txt
0,S28-SVT-380.txt
0,S28-SVT-381.txt
0,S28-SVT-382.txt
0,S28-SVT-383.txt
0,S28-SVT-384.txt
0,S28-SVT-385.txt
0,S28-SVT-386.txt
0,S28-SVT-387.txt
0,S28-SVT-388.txt
0,S28-SVT-389.txt
0,S63-AFb-102.txt
0,S63-AFb-103.txt
0,S95-AFb-221.txt
0,S95-AFb-222.txt
0,S95-AFb-223.txt
0,S95-AFb-224.txt
0,S95-AFb-225.txt
0,S95-AFb-226.txt
0,S95-AFb-227.txt
0,S95-AFb-228.txt
0,S95-AFb-229.txt
0,S95-AFb-231.txt
1,S04-VFt-4.txt
1,S04-VFt-5.txt
1,S04-VFt-6.txt
1,S35-VFb-241.txt
1,S35-VFb-242.txt
1,S35-VFb-248.txt
1,S35-VFb-250.txt
1,S35-VFb-251.txt
0,S35-SR-151.txt
0,S35-SR-152.txt
0,S35-SR-153.txt
0,S35-SR-154.txt
0,S35-SR-155.txt
0,S35-SR-156.txt
0,S35-SR-157.txt
0,S35-SR-158.txt
1,S79-VT-678.txt
1,S79-VT-679.txt
0,S79-SR-606.txt
0,S79-SR-607.txt
0,S79-SR-608.txt
0,S79-VPD-111.txt
0,S79-VPD-112.txt
0,S79-VPD-113.txt
0,S79-VPD-114.txt
0,S79-VPD-115.txt
0,S79-VPD-116.txt
0,S79-VPD-117.txt
0,S56-SR-1.txt
0,S56-SR-2.txt
0,S56-SR-9.txt
0,S56-SR-10.txt
0,S56-SR-11.txt
0,S56-SR-12.txt
0,S56-SR-13.txt
0,S56-SR-14.txt
0,S56-SR-15.txt
0,S56-SR-16.txt
0,S56-SR-17.txt
0,S56-SR-18.txt
0,S56-SR-19.txt
0,S56-SR-20.txt
0,S56-SR-21.txt
0,S56-SR-29.txt
0,S56-SR-30.txt
0,S56-SR-31.txt
0,S56-SR-33.txt
0,S56-SR-34.txt
0,S56-SR-35.txt
0,S56-SR-36.txt
0,S56-SR-37.txt
0,S56-SR-38.txt
0,S56-SR-39.txt
0,S56-SR-40.txt
0,S56-SR-41.txt
0,S56-SR-42.txt
0,S56-SR-43.txt
0,S56-SR-44.txt
0,S56-SR-45.txt
0,S56-SR-46.txt
0,S56-SR-47.txt
0,S56-SR-48.txt
0,S56-SR-49.txt
0,S56-SR-50.txt
0,S56-SR-52.txt
0,S56-SR-53.txt
0,S56-SR-54.txt
0,S56-SR-55.txt
0,S56-SR-56.txt
0,S56-SR-57.txt
0,S56-SR-58.txt
0,S56-SR-59.txt
0,S56-SR-60.txt
0,S56-SR-61.txt
0,S56-SR-62.txt
0,S56-SR-200.txt
0,S56-SVT-63.txt
0,S56-SVT-64.txt
0,S56-SVT-65.txt
0,S56-SVT-66.txt
0,S56-SVT-67.txt
0,S56-SVT-68.txt
0,S56-SVT-69.txt
0,S56-SVT-70.txt
0,S56-SVT-71.txt
0,S56-SVT-72.txt
0,S56-SVT-73.txt
0,S56-SVT-74.txt
0,S56-SVT-75.txt
0,S56-SVT-76.txt
0,S56-SVT-77.txt
0,S56-SVT-78.txt
0,S56-SVT-79.txt
0,S56-SVT-80.txt
0,S56-SVT-81.txt
0,S56-SVT-82.txt
0,S56-SVT-83.txt
0,S56-SVT-84.txt
0,S56-SVT-85.txt
0,S56-SVT-86.txt
0,S56-SVT-87.txt
0,S56-SVT-88.txt
0,S56-SVT-89.txt
0,S56-SVT-90.txt
0,S56-SVT-91.txt
0,S56-SVT-92.txt
0,S56-SVT-93.txt
0,S56-SVT-94.txt
0,S56-SVT-95.txt
0,S56-SVT-96.txt
0,S56-SVT-97.txt
0,S56-SVT-98.txt
0,S56-SVT-99.txt
0,S56-SVT-100.txt
0,S56-SVT-101.txt
0,S56-SVT-102.txt
0,S56-SVT-103.txt
0,S56-SVT-104.txt
0,S56-SVT-105.txt
0,S56-SVT-106.txt
0,S56-SVT-107.txt
0,S56-SVT-108.txt
0,S56-SVT-109.txt
0,S56-SVT-110.txt
0,S56-SVT-111.txt
0,S56-SVT-112.txt
0,S56-SVT-113.txt
0,S56-SVT-114.txt
0,S56-SVT-115.txt
0,S56-SVT-116.txt
0,S56-SVT-117.txt
0,S56-SVT-118.txt
0,S56-SVT-119.txt
0,S56-SVT-120.txt
0,S56-SVT-121.txt
0,S56-SVT-122.txt
0,S56-SVT-123.txt
0,S56-SVT-124.txt
0,S56-SVT-125.txt
0,S56-SVT-126.txt
0,S56-SVT-127.txt
0,S56-SVT-128.txt
0,S56-SVT-129.txt
0,S56-SVT-130.txt
0,S56-SVT-131.txt
0,S56-SVT-132.txt
0,S56-SVT-133.txt
0,S56-SVT-134.txt
0,S56-SVT-135.txt
0,S56-SVT-136.txt
0,S56-SVT-137.txt
0,S56-SVT-138.txt
0,S56-SVT-139.txt
0,S56-SVT-140.txt
0,S56-SVT-141.txt
0,S56-SVT-142.txt
0,S56-SVT-143.txt
0,S56-SVT-144.txt
0,S56-SVT-145.txt
0,S56-SVT-146.txt
0,S56-SVT-147.txt
0,S56-SVT-148.txt
0,S56-SVT-149.txt
0,S56-SVT-150.txt
0,S56-SVT-151.txt
0,S56-SVT-152.txt
0,S56-SVT-153.txt
0,S56-SVT-154.txt
0,S56-SVT-155.txt
0,S56-SVT-156.txt
0,S56-SVT-157.txt
0,S56-SVT-158.txt
0,S56-SVT-159.txt
0,S56-SVT-160.txt
0,S56-SVT-161.txt
0,S56-SVT-162.txt
0,S56-SVT-163.txt
0,S56-SVT-164.txt
0,S56-SVT-165.txt
0,S56-SVT-166.txt
0,S56-SVT-167.txt
0,S56-SVT-168.txt
0,S56-SVT-169.txt
0,S56-SVT-170.txt
0,S56-SVT-171.txt
0,S56-SVT-172.txt
0,S56-SVT-173.txt
0,S56-SVT-174.txt
0,S56-SVT-175.txt
0,S56-SVT-176.txt
0,S56-SVT-177.txt
0,S56-SVT-178.txt
0,S56-SVT-179.txt
0,S56-SVT-180.txt
0,S56-SVT-181.txt
0,S56-SVT-182.txt
0,S56-SVT-183.txt
0,S56-SVT-184.txt
0,S56-SVT-185.txt
0,S56-SVT-186.txt
0,S56-SVT-187.txt
0,S56-SVT-188.txt
0,S56-SVT-189.txt
0,S56-SVT-190.txt
0,S56-SVT-191.txt
0,S56-SVT-192.txt
0,S56-SVT-193.txt
0,S56-SVT-194.txt
0,S56-SVT-195.txt
0,S56-SVT-196.txt
0,S56-SVT-197.txt
0,S56-SVT-198.txt
0,S56-SVT-199.txt
0,S56-SVT-275.txt
0,S56-SVT-276.txt
0,S56-SVT-277.txt
0,S56-SVT-278.txt
0,S56-SVT-279.txt
0,S56-SVT-280.txt
0,S56-SVT-281.txt
0,S56-SVT-282.txt
0,S56-SVT-283.txt
0,S56-SVT-284.txt
0,S56-SVT-285.txt
0,S56-SVT-286.txt
0,S56-SVT-287.txt
0,S56-SVT-288.txt
0,S56-SVT-289.txt
0,S56-SVT-290.txt
0,S56-SVT-291.txt
0,S56-SVT-292.txt
0,S56-SVT-293.txt
0,S56-SVT-294.txt
0,S56-SVT-295.txt
0,S56-SVT-296.txt
0,S56-SVT-297.txt
0,S56-SVT-298.txt
0,S56-SVT-299.txt
0,S56-SVT-300.txt
0,S56-SVT-301.txt
0,S56-SVT-302.txt
0,S56-SVT-303.txt
0,S56-SVT-304.txt
0,S56-SVT-305.txt
0,S56-SVT-306.txt
0,S56-SVT-307.txt
0,S56-SVT-308.txt
0,S56-SVT-309.txt
0,S56-SVT-310.txt
0,S56-SVT-311.txt
0,S56-SVT-312.txt
0,S56-SVT-313.txt
0,S56-SVT-314.txt
0,S56-SVT-315.txt
0,S56-SVT-316.txt
0,S56-SVT-317.txt
0,S56-SVT-318.txt
0,S56-SVT-319.txt
0,S56-SVT-320.txt
0,S56-SVT-321.txt
0,S56-SVT-322.txt
0,S56-SVT-323.txt
0,S56-SVT-324.txt
0,S56-SVT-325.txt
0,S56-SVT-326.txt
0,S56-SVT-327.txt
0,S56-SVT-328.txt
0,S56-SVT-329.txt
0,S56-SVT-330.txt
0,S56-SVT-331.txt
0,S56-SVT-332.txt
0,S56-SVT-333.txt
0,S56-SVT-334.txt
0,S56-SVT-335.txt
0,S56-SVT-336.txt
0,S56-SVT-337.txt
0,S56-SVT-338.txt
0,S56-SVT-339.txt
0,S56-SVT-340.txt
0,S56-SVT-341.txt
0,S56-SVT-342.txt
0,S56-SVT-343.txt
0,S56-SVT-344.txt
0,S56-SVT-345.txt
0,S56-SVT-346.txt
0,S56-SVT-347.txt
0,S56-SVT-348.txt
0,S56-SVT-349.txt
0,S56-SVT-350.txt
0,S56-SVT-351.txt
0,S56-SVT-352.txt
0,S56-SVT-353.txt
0,S56-SVT-354.txt
0,S56-SVT-355.txt
0,S56-SVT-356.txt
0,S56-SVT-357.txt
0,S56-SVT-358.txt
0,S56-SVT-359.txt
0,S56-SVT-360.txt
0,S56-SVT-361.txt
0,S56-SVT-362.txt
0,S56-SVT-363.txt
0,S56-SVT-364.txt
0,S56-SVT-365.txt
0,S56-SVT-366.txt
0,S56-SVT-367.txt
0,S56-SVT-368.txt
0,S56-SVT-369.txt
0,S56-SVT-370.txt
0,S56-SVT-371.txt
0,S56-SVT-372.txt
0,S56-SVT-373.txt
0,S56-SVT-374.txt
0,S56-SVT-375.txt
0,S56-SVT-376.txt
0,S56-SVT-377.txt
0,S56-SVT-378.txt
0,S56-SVT-379.txt
0,S56-SVT-380.txt
0,S56-SVT-381.txt
0,S56-SVT-382.txt
0,S56-SVT-383.txt
0,S56-SVT-384.txt
0,S56-SVT-385.txt
0,S56-SVT-386.txt
0,S56-SVT-387.txt
0,S56-SVT-388.txt
0,S56-SVT-389.txt
0,S56-SVT-390.txt
0,S56-SVT-391.txt
0,S56-SVT-392.txt
0,S56-SVT-393.txt
0,S56-SVT-394.txt
0,S56-SVT-395.txt
0,S56-SVT-396.txt
0,S56-SVT-397.txt
0,S56-SVT-398.txt
0,S56-SVT-399.txt
0,S56-SVT-400.txt
0,S56-SVT-401.txt
0,S56-SVT-402.txt
0,S56-SVT-403.txt
0,S56-SVT-404.txt
0,S56-SVT-405.txt
0,S56-SVT-406.txt
0,S56-SVT-407.txt
0,S56-SVT-408.txt
0,S56-SVT-409.txt
0,S56-SVT-410.txt
0,S56-SVT-411.txt
0,S56-SVT-412.txt
0,S56-SVT-413.txt
0,S56-SVT-414.txt
0,S56-SVT-415.txt
0,S56-SVT-416.txt
0,S56-SVT-417.txt
0,S56-SVT-418.txt
0,S56-SVT-419.txt
0,S56-SVT-420.txt
0,S56-SVT-421.txt
0,S56-SVT-422.txt
0,S56-SVT-423.txt
0,S56-SVT-424.txt
0,S56-SVT-425.txt
0,S56-SVT-426.txt
0,S56-SVT-427.txt
0,S56-SVT-428.txt
0,S56-SVT-429.txt
0,S56-SVT-430.txt
0,S56-SVT-431.txt
0,S56-SVT-432.txt
0,S77-VPD-4.txt
0,S77-VPD-5.txt
0,S77-VPD-6.txt
0,S77-VPD-7.txt
0,S77-VPD-27.txt
0,S77-VPD-28.txt
0,S77-VPD-29.txt
0,S77-VPD-30.txt
0,S05-SR-87.txt
0,S05-SR-88.txt
0,S05-SR-89.txt
0,S05-SR-90.txt
0,S05-SR-91.txt
0,S05-SR-92.txt
0,S05-SR-93.txt
0,S05-SR-94.txt
0,S05-SR-95.txt
0,S05-SR-96.txt
0,S05-SR-97.txt
0,S05-SR-98.txt
0,S05-SR-99.txt
0,S05-SR-100.txt
0,S05-SR-101.txt
0,S05-SR-102.txt
0,S05-SR-103.txt
0,S05-SR-105.txt
0,S17-SVT-99.txt
0,S17-SVT-100.txt
0,S17-SVT-101.txt
0,S17-SVT-102.txt
0,S17-SVT-103.txt
0,S17-SVT-104.txt
0,S17-SVT-105.txt
0,S17-SVT-106.txt
0,S17-SVT-107.txt
0,S17-SVT-108.txt
0,S17-SVT-109.txt
0,S17-SVT-110.txt
0,S17-SVT-111.txt
0,S17-SVT-112.txt
0,S17-SVT-113.txt
0,S17-SVT-114.txt
0,S17-SVT-115.txt
0,S17-SVT-116.txt
0,S17-SVT-117.txt
0,S17-SVT-118.txt
0,S17-SVT-119.txt
0,S17-SVT-120.txt
0,S17-SVT-121.txt
0,S17-SVT-122.txt
0,S17-SVT-123.txt
0,S17-SVT-124.txt
0,S17-SVT-125.txt
0,S17-SVT-126.txt
0,S17-SVT-127.txt
0,S17-SVT-128.txt
0,S17-SVT-129.txt
0,S17-SVT-130.txt
0,S17-SVT-131.txt
0,S17-SVT-132.txt
0,S17-SVT-133.txt
0,S17-SVT-134.txt
0,S17-SVT-135.txt
0,S17-SVT-136.txt
0,S17-SVT-137.txt
0,S17-SVT-138.txt
0,S17-SVT-139.txt
0,S17-SVT-140.txt
0,S17-SVT-141.txt
0,S17-SVT-142.txt
0,S17-SVT-143.txt
0,S17-SVT-144.txt
0,S17-SVT-145.txt
0,S17-SVT-146.txt
0,S17-SVT-147.txt
0,S17-SVT-148.txt
0,S17-SVT-149.txt
0,S17-SVT-150.txt
0,S17-SVT-151.txt
0,S17-SVT-152.txt
0,S17-SVT-153.txt
0,S17-SVT-154.txt
0,S17-SVT-155.txt
0,S17-SVT-156.txt
0,S17-SVT-157.txt
0,S17-SVT-158.txt
0,S17-SVT-159.txt
0,S17-SVT-160.txt
0,S17-SVT-161.txt
0,S17-SVT-162.txt
0,S17-SVT-163.txt
0,S17-SVT-164.txt
0,S17-SVT-165.txt
0,S17-SVT-166.txt
0,S17-SVT-167.txt
0,S17-SVT-168.txt
0,S17-SVT-169.txt
0,S17-SVT-170.txt
0,S17-SVT-171.txt
0,S17-SVT-172.txt
0,S17-SVT-173.txt
0,S17-SVT-174.txt
0,S17-SVT-175.txt
0,S17-SVT-176.txt
0,S17-SVT-177.txt
0,S17-SVT-178.txt
0,S17-SVT-179.txt
0,S17-SVT-180.txt
0,S17-SVT-181.txt
0,S17-SVT-182.txt
0,S17-SVT-183.txt
0,S17-SVT-184.txt
0,S17-SVT-185.txt
0,S17-SVT-186.txt
0,S17-SVT-187.txt
0,S17-SVT-188.txt
0,S17-SVT-189.txt
0,S17-SVT-190.txt
0,S17-SVT-191.txt
0,S17-SVT-192.txt
0,S17-SVT-193.txt
0,S17-SVT-194.txt
0,S17-SVT-195.txt
0,S17-SVT-196.txt
0,S17-SVT-197.txt
0,S17-SVT-198.txt
0,S17-SVT-199.txt
0,S17-SVT-200.txt
0,S17-SVT-201.txt
0,S17-SVT-202.txt
0,S17-SVT-203.txt
0,S17-SVT-204.txt
0,S17-SVT-205.txt
0,S17-SVT-206.txt
0,S17-SVT-207.txt
0,S17-SVT-208.txt
0,S17-SVT-209.txt
0,S17-SVT-210.txt
0,S17-SVT-211.txt
0,S17-SVT-212.txt
0,S17-SVT-213.txt
0,S17-SVT-214.txt
0,S17-SVT-215.txt
0,S17-SVT-216.txt
0,S17-SVT-217.txt
0,S17-SVT-218.txt
0,S17-SVT-219.txt
0,S17-SVT-220.txt
0,S17-SVT-221.txt
0,S17-SVT-222.txt
0,S17-SVT-223.txt
0,S17-SVT-224.txt
0,S17-SVT-225.txt
0,S17-SVT-226.txt
0,S17-SVT-227.txt
0,S17-SVT-228.txt
0,S17-SVT-229.txt
0,S17-SVT-230.txt
0,S17-SVT-231.txt
0,S17-SVT-232.txt
0,S17-SVT-233.txt
0,S17-SVT-234.txt
0,S17-SVT-235.txt
0,S17-SVT-236.txt
0,S17-SVT-237.txt
0,S74-SR-1.txt
0,S74-SR-2.txt
0,S74-SR-3.txt
0,S74-SR-4.txt
0,S74-SR-5.txt
0,S74-SR-6.txt
0,S74-SR-7.txt
0,S74-SR-8.txt
0,S74-SR-9.txt
0,S74-SR-10.txt
0,S74-SR-11.txt
0,S74-SR-12.txt
0,S74-SR-13.txt
0,S74-SR-14.txt
0,S74-SR-15.txt
0,S74-SR-16.txt
0,S74-SR-17.txt
0,S74-SR-18.txt
0,S74-SR-19.txt
0,S74-SR-20.txt
0,S74-SR-21.txt
0,S74-SR-22.txt
0,S74-SR-23.txt
0,S74-SR-24.txt
0,S74-SR-25.txt
0,S74-SR-26.txt
0,S74-SR-27.txt
0,S74-SR-28.txt
0,S74-SR-29.txt
0,S74-SR-30.txt
0,S74-SR-31.txt
0,S74-SR-32.txt
0,S74-SR-33.txt
0,S74-SR-34.txt
0,S74-SR-35.txt
0,S74-SR-36.txt
0,S74-SR-37.txt
0,S74-SR-38.txt
0,S74-SR-39.txt
0,S74-SR-40.txt
0,S74-SR-41.txt
0,S74-SR-42.txt
0,S74-SR-43.txt
0,S74-SR-44.txt
0,S74-SR-45.txt
0,S74-SR-46.txt
0,S74-SR-47.txt
0,S74-SR-48.txt
0,S74-SR-49.txt
0,S74-SR-50.txt
0,S74-SR-51.txt
0,S74-SR-52.txt
0,S74-SR-53.txt
0,S74-SR-55.txt
0,S74-SR-56.txt
0,S74-SR-57.txt
0,S74-SR-58.txt
0,S74-SR-59.txt
0,S74-SR-60.txt
0,S74-SR-61.txt
0,S74-SR-62.txt
0,S74-SR-63.txt
0,S74-SR-201.txt
0,S74-SR-202.txt
0,S74-SR-203.txt
0,S74-SR-204.txt
0,S74-SR-205.txt
0,S74-SR-206.txt
0,S74-SR-207.txt
0,S74-SR-208.txt
0,S74-SR-209.txt
0,S74-SR-210.txt
0,S74-SR-211.txt
0,S74-SR-212.txt
0,S74-SR-213.txt
0,S74-SR-214.txt
0,S74-SR-215.txt
0,S74-SR-216.txt
0,S74-SR-217.txt
0,S74-SR-218.txt
0,S74-SR-219.txt
0,S74-SR-220.txt
0,S74-SR-221.txt
0,S74-SR-222.txt
0,S74-SR-223.txt
0,S74-SR-224.txt
0,S74-SR-225.txt
0,S74-SR-226.txt
0,S74-SR-227.txt
0,S74-SR-228.txt
0,S74-SR-229.txt
0,S74-SR-230.txt
0,S74-SR-231.txt
0,S74-SR-232.txt
0,S74-SR-233.txt
0,S74-SR-234.txt
0,S74-SR-235.txt
0,S74-SR-236.txt
0,S74-SR-237.txt
0,S74-SR-238.txt
0,S74-SR-239.txt
0,S74-SR-240.txt
0,S74-SR-241.txt
0,S74-SR-242.txt
0,S74-SR-243.txt
0,S74-SR-244.txt
0,S74-SR-245.txt
0,S74-SR-246.txt
0,S74-SR-247.txt
0,S74-SR-248.txt
0,S74-SR-249.txt
0,S74-SR-250.txt
0,S74-SR-251.txt
0,S74-SR-252.txt
0,S74-SR-253.txt
0,S74-SR-254.txt
0,S74-SR-255.txt
0,S74-SR-256.txt
0,S74-SR-257.txt
0,S74-SR-258.txt
0,S74-SR-259.txt
0,S74-SR-260.txt
0,S74-SR-261.txt
0,S74-SR-262.txt
0,S74-SR-263.txt
0,S74-SR-264.txt
0,S74-SR-265.txt
0,S74-SR-266.txt
0,S74-SR-267.txt
0,S74-SR-268.txt
0,S74-SR-269.txt
0,S74-SR-271.txt
0,S74-SR-272.txt
0,S74-SR-273.txt
0,S74-SR-274.txt
0,S74-SR-275.txt
0,S74-SR-276.txt
0,S74-SR-277.txt
0,S74-SR-278.txt
0,S74-SR-279.txt
0,S74-SR-280.txt
0,S74-SR-281.txt
0,S74-SR-282.txt
0,S74-SR-283.txt
0,S74-SR-284.txt
0,S74-SR-285.txt
0,S74-SR-286.txt
0,S74-SR-287.txt
0,S74-SR-288.txt
0,S74-SR-289.txt
0,S74-SR-290.txt
0,S74-SR-291.txt
0,S74-SR-292.txt
0,S74-SR-293.txt
0,S74-SR-294.txt
0,S74-SR-295.txt
0,S74-SR-296.txt
0,S74-SR-297.txt
0,S74-SR-298.txt
0,S74-SR-299.txt
0,S74-SR-300.txt
0,S74-SR-301.txt
0,S74-SR-302.txt
0,S74-SR-303.txt
0,S74-SR-304.txt
0,S74-SR-305.txt
0,S74-SR-306.txt
0,S74-SR-307.txt
0,S74-SR-308.txt
0,S74-SR-309.txt
0,S74-SR-310.txt
0,S74-SR-311.txt
0,S74-SR-312.txt
0,S74-SR-313.txt
1,S73-VT-322.txt
1,S73-VT-330.txt
1,S73-VT-332.txt
1,S73-VT-333.txt
1,S73-VT-335.txt
1,S73-VT-336.txt
1,S73-VT-338.txt
1,S73-VT-339.txt
1,S73-VT-340.txt
1,S73-VT-341.txt
1,S73-VT-343.txt
1,S73-VT-344.txt
1,S73-VT-346.txt
1,S73-VT-347.txt
1,S73-VT-349.txt
1,S73-VT-351.txt
1,S73-VT-352.txt
0,S37-SVT-116.txt
0,S37-SVT-117.txt
0,S37-SVT-118.txt
0,S37-SVT-119.txt
0,S37-SVT-120.txt
0,S37-SVT-121.txt
0,S37-SVT-122.txt
0,S37-SVT-123.txt
0,S37-SVT-124.txt
0,S37-SVT-125.txt
0,S37-SVT-126.txt
0,S37-SVT-127.txt
0,S37-SVT-128.txt
0,S37-SVT-129.txt
0,S37-SVT-130.txt
0,S37-SVT-131.txt
0,S37-SVT-132.txt
0,S37-SVT-133.txt
0,S37-SVT-134.txt
0,S37-SVT-135.txt
0,S37-SVT-136.txt
0,S37-SVT-137.txt
0,S37-SVT-138.txt
0,S37-SVT-139.txt
0,S37-SVT-140.txt
0,S37-SVT-141.txt
0,S37-SVT-142.txt
0,S37-SVT-143.txt
0,S37-SVT-144.txt
0,S37-SVT-145.txt
0,S37-SVT-146.txt
0,S37-SVT-147.txt
0,S37-SVT-148.txt
0,S37-SVT-149.txt
0,S37-SVT-150.txt
0,S37-SVT-151.txt
0,S37-SVT-152.txt
0,S37-SVT-153.txt
0,S37-SVT-154.txt
0,S37-SVT-155.txt
0,S37-SVT-156.txt
0,S37-SVT-157.txt
0,S37-SVT-158.txt
0,S37-SVT-159.txt
0,S37-SVT-160.txt
0,S37-SVT-161.txt
0,S37-SVT-162.txt
0,S37-SVT-163.txt
0,S37-SVT-164.txt
0,S37-SVT-165.txt
0,S37-SVT-166.txt
0,S37-SVT-167.txt
0,S37-SVT-168.txt
0,S37-SVT-169.txt
0,S37-SVT-170.txt
0,S37-SVT-171.txt
0,S37-SVT-172.txt
0,S37-SVT-173.txt
0,S37-SVT-174.txt
0,S37-SVT-175.txt
0,S37-SVT-176.txt
0,S37-SVT-177.txt
0,S37-SVT-178.txt
0,S37-SVT-179.txt
0,S37-SVT-180.txt
0,S37-SVT-181.txt
0,S37-SVT-182.txt
0,S37-SVT-183.txt
0,S37-SVT-184.txt
0,S37-SVT-185.txt
0,S37-SVT-186.txt
0,S37-SVT-187.txt
0,S37-SVT-188.txt
0,S37-SVT-189.txt
0,S37-SVT-190.txt
0,S37-SVT-191.txt
0,S37-SVT-192.txt
0,S37-SVT-193.txt
0,S37-SVT-194.txt
0,S37-SVT-195.txt
0,S37-SVT-196.txt
0,S37-SVT-197.txt
0,S37-SVT-198.txt
0,S37-SVT-199.txt
0,S37-SVT-200.txt
0,S37-SVT-201.txt
0,S37-SVT-202.txt
0,S37-SVT-203.txt
0,S37-SVT-204.txt
0,S37-SVT-205.txt
0,S37-SVT-206.txt
0,S37-SVT-207.txt
0,S37-SVT-208.txt
0,S37-SVT-209.txt
0,S37-SVT-210.txt
0,S37-SVT-211.txt
0,S37-SVT-212.txt
0,S37-SVT-213.txt
0,S37-SVT-214.txt
0,S37-SVT-215.txt
0,S37-SVT-216.txt
0,S37-SVT-217.txt
0,S37-SVT-218.txt
0,S37-SVT-219.txt
0,S37-SVT-220.txt
0,S37-SVT-221.txt
0,S37-SVT-222.txt
0,S37-SVT-223.txt
0,S37-SVT-224.txt
0,S37-SVT-225.txt
0,S37-SVT-226.txt
0,S37-SVT-227.txt
0,S37-SVT-228.txt
0,S37-SVT-229.txt
0,S37-SVT-230.txt
0,S37-SVT-231.txt
0,S37-SVT-232.txt
0,S37-SVT-233.txt
0,S37-SVT-234.txt
0,S37-SVT-235.txt
0,S37-SVT-236.txt
0,S37-SVT-237.txt
0,S37-SVT-238.txt
0,S37-SVT-239.txt
0,S37-SVT-240.txt
0,S37-SVT-241.txt
0,S37-SVT-242.txt
0,S37-SVT-243.txt
0,S37-SVT-244.txt
0,S37-SVT-245.txt
0,S37-SVT-246.txt
0,S37-SVT-247.txt
0,S37-SVT-248.txt
0,S37-SVT-249.txt
0,S37-SVT-250.txt
0,S37-SVT-251.txt
0,S37-SVT-252.txt
0,S37-SVT-253.txt
0,S37-SVT-254.txt
0,S37-SVT-255.txt
0,S37-SVT-256.txt
0,S37-SVT-257.txt
0,S37-SVT-258.txt
0,S37-SVT-259.txt
0,S37-SVT-260.txt
0,S37-SVT-261.txt
0,S37-SVT-262.txt
1,S15-VT-179.txt
1,S15-VT-180.txt
1,S15-VT-181.txt
1,S15-VT-185.txt
1,S15-VT-302.txt
1,S15-VT-303.txt
1,S15-VT-304.txt
1,S15-VT-305.txt
1,S15-VT-306.txt
1,S15-VT-307.txt
1,S15-VT-308.txt
0,S90-AFb-203.txt
0,S90-AFb-204.txt
0,S90-AFb-205.txt
0,S90-AFb-206.txt
0,S90-AFb-232.txt
0,S90-AFb-236.txt
0,S90-AFb-238.txt
0,S90-AFb-240.txt
0,S90-AFb-241.txt
0,S90-AFb-242.txt
0,S90-AFb-247.txt
0,S90-AFb-248.txt
0,S90-AFb-249.txt
0,S90-AFb-250.txt
0,S90-AFb-251.txt
0,S90-AFb-252.txt
0,S90-AFb-253.txt
0,S90-AFb-256.txt
0,S90-AFb-257.txt
0,S90-AFb-261.txt
0,S90-AFb-284.txt
0,S90-AFb-285.txt
0,S90-AFb-286.txt
0,S90-AFb-287.txt
0,S90-AFb-288.txt
0,S90-AFb-289.txt
0,S90-SR-311.txt
0,S90-SR-312.txt
0,S90-VPD-129.txt
0,S90-VPD-130.txt
0,S91-AFt-120.txt
0,S91-AFt-121.txt
0,S91-AFt-122.txt
0,S91-AFt-123.txt
0,S91-AFt-124.txt
0,S91-AFt-125.txt
0,S91-AFt-126.txt
0,S91-AFt-127.txt
0,S91-AFt-128.txt
0,S91-AFt-129.txt
0,S91-AFt-130.txt
0,S91-AFt-131.txt
0,S91-AFt-132.txt
0,S91-AFt-133.txt
0,S91-AFt-134.txt
0,S91-AFt-135.txt
0,S91-AFt-136.txt
0,S91-AFt-137.txt
0,S91-AFt-138.txt
0,S91-AFt-139.txt
0,S91-AFt-140.txt
0,S91-AFt-141.txt
0,S91-AFt-142.txt
0,S91-AFt-143.txt
0,S91-AFt-144.txt
0,S91-AFt-145.txt
0,S91-AFt-146.txt
0,S91-AFt-147.txt
0,S91-AFt-148.txt
0,S91-AFt-149.txt
0,S91-AFt-150.txt
0,S91-AFt-151.txt
0,S91-AFt-152.txt
0,S91-AFt-153.txt
0,S91-AFt-154.txt
0,S91-AFt-155.txt
0,S91-AFt-156.txt
0,S91-AFt-157.txt
0,S91-AFt-158.txt
0,S91-AFt-159.txt
0,S91-AFt-160.txt
0,S91-AFt-161.txt
0,S91-AFt-162.txt
0,S91-AFt-163.txt
0,S91-AFt-164.txt
0,S91-AFt-165.txt
0,S91-AFt-166.txt
0,S91-AFt-167.txt
0,S91-AFt-168.txt
0,S91-AFt-169.txt
0,S91-AFt-170.txt
0,S91-AFt-171.txt
0,S91-AFt-172.txt
0,S91-AFt-173.txt
0,S91-AFt-174.txt
0,S91-AFt-175.txt
0,S91-AFt-176.txt
0,S91-AFt-177.txt
0,S91-AFt-178.txt
0,S91-AFt-179.txt
0,S91-AFt-180.txt
0,S91-AFt-181.txt
0,S91-AFt-182.txt
0,S91-AFt-183.txt
0,S91-AFt-184.txt
0,S91-AFt-185.txt
0,S91-AFt-186.txt
0,S91-AFt-187.txt
0,S91-AFt-188.txt
0,S91-AFt-189.txt
0,S91-AFt-190.txt
0,S91-AFt-191.txt
0,S91-AFt-192.txt
0,S91-AFt-193.txt
0,S91-AFt-194.txt
0,S91-AFt-195.txt
0,S91-AFt-196.txt
0,S91-AFt-197.txt
0,S91-AFt-198.txt
0,S91-AFt-199.txt
0,S91-AFt-200.txt
0,S91-AFt-201.txt
0,S91-AFt-202.txt
0,S91-AFt-203.txt
0,S91-AFt-204.txt
0,S91-AFt-205.txt
0,S91-AFt-206.txt
0,S91-AFt-207.txt
0,S91-AFt-208.txt
0,S91-AFt-209.txt
0,S91-AFt-210.txt
0,S91-AFt-211.txt
0,S91-AFt-212.txt
0,S91-AFt-213.txt
0,S91-AFt-214.txt
0,S91-AFt-215.txt
0,S91-AFt-216.txt
0,S91-AFt-217.txt
0,S91-AFt-218.txt
0,S91-AFt-219.txt
0,S91-AFt-220.txt
0,S91-AFt-221.txt
0,S91-AFt-222.txt
0,S91-AFt-223.txt
0,S91-AFt-224.txt
0,S91-AFt-225.txt
0,S91-AFt-226.txt
0,S91-AFt-227.txt
0,S91-AFt-228.txt
0,S91-AFt-229.txt
0,S91-AFt-230.txt
0,S91-AFt-231.txt
0,S91-AFt-232.txt
0,S91-AFt-233.txt
0,S91-AFt-234.txt
0,S91-AFt-235.txt
0,S91-AFt-236.txt
0,S91-AFt-237.txt
0,S91-AFt-238.txt
0,S91-AFt-239.txt
0,S91-AFt-240.txt
0,S91-AFt-241.txt
0,S91-AFt-242.txt
0,S91-AFt-243.txt
0,S91-AFt-244.txt
0,S91-AFt-245.txt
0,S91-AFt-246.txt
0,S91-AFt-247.txt
0,S91-AFt-248.txt
0,S91-AFt-249.txt
0,S91-AFt-250.txt
0,S91-AFt-251.txt
0,S91-AFt-252.txt
0,S91-AFt-253.txt
0,S91-AFt-254.txt
0,S91-AFt-255.txt
0,S91-AFt-256.txt
0,S91-AFt-257.txt
0,S91-AFt-261.txt
0,S91-AFt-263.txt
0,S91-AFt-264.txt
0,S91-AFt-265.txt
0,S91-AFt-266.txt
0,S91-AFt-267.txt
0,S91-AFt-268.txt
0,S91-AFt-269.txt
0,S91-AFt-270.txt
0,S91-AFt-271.txt
0,S91-AFt-272.txt
0,S91-AFt-275.txt
0,S91-AFt-276.txt
0,S91-AFt-279.txt
0,S91-AFt-281.txt
0,S91-AFt-282.txt
0,S91-AFt-283.txt
0,S91-AFt-284.txt
0,S91-AFt-285.txt
0,S91-AFt-286.txt
0,S91-AFt-287.txt
0,S91-AFt-288.txt
0,S81-VPD-113.txt
0,S81-VPD-114.txt
0,S81-VPD-115.txt
0,S81-VPD-116.txt
0,S81-VPD-117.txt
0,S81-VPD-118.txt
0,S81-VPD-119.txt
0,S10-SR-2.txt
0,S10-SR-3.txt
0,S10-SR-4.txt
0,S10-SR-5.txt
0,S10-SR-6.txt
0,S10-SR-7.txt
0,S10-SR-8.txt
0,S10-SR-9.txt
0,S10-SR-10.txt
0,S10-SR-11.txt
0,S10-SR-12.txt
0,S10-SR-13.txt
0,S10-SR-14.txt
0,S10-SR-15.txt
0,S10-SR-18.txt
0,S10-SR-19.txt
0,S10-SR-20.txt
0,S10-SR-21.txt
0,S10-SR-22.txt
0,S10-SR-23.txt
0,S10-SR-24.txt
0,S10-SR-25.txt
0,S10-SR-26.txt
0,S10-SR-27.txt
0,S10-SR-28.txt
0,S10-SR-29.txt
0,S10-SR-30.txt
0,S10-SR-31.txt
0,S10-SR-32.txt
0,S10-SR-33.txt
0,S10-SR-34.txt
0,S10-SR-35.txt
0,S10-SR-36.txt
0,S10-SR-37.txt
0,S10-SR-46.txt
0,S10-SR-47.txt
0,S10-SR-48.txt
0,S10-SR-49.txt
0,S10-SR-50.txt
0,S10-SR-51.txt
0,S10-SR-52.txt
0,S10-SR-53.txt
0,S10-SR-54.txt
0,S10-SR-55.txt
0,S10-SR-56.txt
0,S10-SR-145.txt
0,S10-SR-207.txt
0,S10-SR-208.txt
0,S10-SR-209.txt
0,S10-SR-210.txt
0,S10-SR-211.txt
0,S10-SR-212.txt
0,S10-SR-213.txt
0,S10-SR-214.txt
0,S10-SR-215.txt
0,S10-SR-216.txt
0,S10-SR-217.txt
0,S10-SR-218.txt
0,S10-SR-219.txt
0,S10-SR-220.txt
0,S10-SR-221.txt
0,S10-SR-222.txt
0,S10-SR-223.txt
0,S10-SR-224.txt
0,S10-SR-225.txt
0,S10-SR-226.txt
0,S10-SR-227.txt
0,S10-SR-228.txt
0,S10-SR-229.txt
0,S10-SR-230.txt
0,S10-SR-231.txt
0,S10-SR-232.txt
0,S10-SR-233.txt
0,S10-SR-234.txt
0,S10-SR-235.txt
0,S10-SR-236.txt
0,S10-SR-237.txt
0,S10-SR-238.txt
0,S10-SR-239.txt
0,S10-SR-240.txt
0,S10-SR-241.txt
0,S10-SR-242.txt
0,S10-SR-243.txt
0,S10-SR-244.txt
0,S10-SR-245.txt
0,S10-SR-246.txt
0,S10-SR-247.txt
0,S10-SR-248.txt
0,S10-SR-249.txt
0,S10-SR-250.txt
0,S10-SR-251.txt
0,S10-SR-252.txt
0,S10-SR-253.txt
0,S10-SR-254.txt
0,S10-SR-255.txt
0,S10-SR-256.txt
0,S10-SR-257.txt
0,S10-SR-258.txt
0,S10-SR-259.txt
0,S10-SR-260.txt
0,S10-SR-261.txt
0,S10-SR-262.txt
0,S10-SR-263.txt
0,S10-SR-264.txt
0,S10-SR-265.txt
0,S10-SR-266.txt
0,S10-SR-267.txt
0,S10-SR-268.txt
0,S10-SR-269.txt
0,S10-SR-270.txt
0,S10-SR-271.txt
0,S10-SR-272.txt
0,S10-SR-273.txt
0,S10-SR-274.txt
0,S10-SR-275.txt
0,S10-SR-276.txt
0,S10-SR-277.txt
0,S10-SR-278.txt
0,S10-SR-279.txt
0,S10-SR-280.txt
0,S10-SR-281.txt
0,S10-SR-282.txt
0,S10-SR-283.txt
0,S10-SR-284.txt
0,S10-SR-285.txt
0,S10-SR-286.txt
0,S10-SR-287.txt
0,S10-SR-288.txt
0,S10-SR-289.txt
0,S10-SR-290.txt
0,S10-SR-291.txt
0,S10-SR-292.txt
0,S10-SR-293.txt
0,S10-SR-294.txt
0,S10-SR-295.txt
0,S10-SR-296.txt
0,S10-SR-297.txt
0,S10-SR-298.txt
0,S10-SR-299.txt
0,S10-SR-300.txt
0,S10-SR-301.txt
0,S10-SR-302.txt
0,S10-SR-303.txt
0,S10-SR-304.txt
0,S10-SR-305.txt
0,S10-SR-306.txt
0,S10-SR-307.txt
0,S10-SR-308.txt
0,S10-SR-309.txt
0,S10-SR-310.txt
0,S10-SR-311.txt
0,S10-SR-312.txt
0,S10-SR-313.txt
0,S10-SR-314.txt
0,S10-SR-315.txt
0,S10-SR-316.txt
0,S10-SR-317.txt
0,S10-SR-318.txt
0,S10-SR-319.txt
0,S10-SR-320.txt
0,S10-SR-321.txt
0,S10-SR-322.txt
0,S10-SR-323.txt
0,S10-SR-324.txt
0,S10-SR-325.txt
0,S10-SR-326.txt
0,S10-SR-327.txt
0,S10-SR-328.txt
0,S10-SR-329.txt
0,S10-SR-330.txt
0,S10-SR-331.txt
0,S10-SR-332.txt
0,S10-SR-333.txt
0,S10-SR-334.txt
0,S10-SR-335.txt
0,S10-SR-336.txt
0,S10-SR-337.txt
0,S10-SR-338.txt
0,S10-SR-339.txt
0,S10-SR-340.txt
0,S10-SR-341.txt
0,S10-SR-342.txt
0,S10-SR-343.txt
0,S10-SR-344.txt
0,S10-SR-345.txt
0,S10-SR-346.txt
0,S10-SR-347.txt
0,S10-SR-348.txt
0,S10-SR-349.txt
0,S10-SR-350.txt
0,S10-SR-351.txt
0,S10-SR-352.txt
0,S10-SR-353.txt
0,S10-SR-354.txt
0,S10-SR-355.txt
0,S10-SR-356.txt
0,S10-SR-357.txt
0,S10-SR-358.txt
0,S10-SR-359.txt
0,S10-SR-360.txt
0,S10-SR-361.txt
0,S10-SR-362.txt
0,S10-SR-363.txt
0,S10-SR-364.txt
0,S10-SR-365.txt
0,S10-SR-366.txt
0,S10-SR-367.txt
0,S10-SR-368.txt
0,S10-SR-369.txt
0,S10-SR-370.txt
0,S10-SR-371.txt
0,S10-SR-372.txt
0,S10-SR-373.txt
0,S10-SR-374.txt
0,S10-SR-375.txt
0,S10-SR-376.txt
0,S10-SR-377.txt
0,S10-SR-378.txt
0,S10-SR-379.txt
0,S10-SR-380.txt
0,S10-SR-381.txt
0,S10-SR-382.txt
0,S10-SR-383.txt
0,S10-SR-384.txt
0,S10-SR-385.txt
0,S10-SR-386.txt
0,S10-SR-387.txt
0,S10-SVT-146.txt
0,S10-SVT-147.txt
0,S10-SVT-148.txt
0,S10-SVT-149.txt
0,S10-SVT-150.txt
0,S10-SVT-151.txt
0,S10-SVT-152.txt
0,S10-SVT-153.txt
0,S10-SVT-154.txt
0,S10-SVT-155.txt
0,S10-SVT-156.txt
0,S10-SVT-157.txt
0,S10-SVT-158.txt
0,S10-SVT-159.txt
0,S10-SVT-160.txt
0,S10-SVT-161.txt
0,S10-SVT-162.txt
0,S10-SVT-163.txt
0,S10-SVT-164.txt
0,S10-SVT-165.txt
0,S10-SVT-166.txt
0,S10-SVT-167.txt
0,S10-SVT-168.txt
0,S10-SVT-169.txt
0,S10-SVT-170.txt
0,S10-SVT-171.txt
0,S10-SVT-172.txt
0,S10-SVT-173.txt
0,S10-SVT-174.txt
0,S10-SVT-175.txt
0,S10-SVT-176.txt
0,S10-SVT-177.txt
0,S10-SVT-178.txt
0,S10-SVT-179.txt
0,S10-SVT-180.txt
0,S10-SVT-181.txt
0,S10-SVT-182.txt
0,S10-SVT-183.txt
0,S10-SVT-184.txt
0,S10-SVT-185.txt
0,S10-SVT-186.txt
0,S10-SVT-187.txt
0,S10-SVT-188.txt
0,S10-SVT-189.txt
0,S10-SVT-190.txt
0,S10-SVT-191.txt
0,S10-SVT-192.txt
0,S10-SVT-193.txt
0,S10-SVT-194.txt
0,S10-SVT-195.txt
0,S10-SVT-196.txt
0,S10-SVT-197.txt
0,S10-SVT-198.txt
0,S10-SVT-199.txt
0,S10-SVT-200.txt
0,S10-SVT-201.txt
0,S10-SVT-202.txt
0,S10-SVT-203.txt
0,S10-SVT-204.txt
0,S10-SVT-205.txt
0,S10-SVT-206.txt
0,S43-AFb-81.txt
0,S43-AFb-82.txt
0,S43-AFb-83.txt
0,S43-AFb-84.txt
0,S43-AFb-85.txt
0,S43-AFb-86.txt
0,S43-AFb-87.txt
0,S43-AFb-88.txt
0,S43-AFb-89.txt
0,S43-AFb-90.txt
0,S43-AFb-91.txt
0,S43-AFb-92.txt
0,S43-AFb-93.txt
0,S43-AFb-94.txt
0,S43-AFb-95.txt
0,S43-AFb-96.txt
0,S43-AFb-97.txt
0,S43-AFb-98.txt
0,S43-AFb-99.txt
0,S43-AFb-100.txt
0,S43-AFb-101.txt
0,S43-AFb-102.txt
0,S43-AFb-103.txt
0,S43-AFb-104.txt
0,S43-AFb-105.txt
0,S43-SR-1.txt
0,S43-SR-2.txt
0,S43-SR-3.txt
0,S43-SR-4.txt
0,S43-SR-5.txt
0,S43-SR-6.txt
0,S43-SR-7.txt
0,S43-SR-8.txt
0,S43-SR-9.txt
0,S43-SR-10.txt
0,S43-SR-11.txt
0,S43-SR-12.txt
0,S43-SR-13.txt
0,S43-SR-14.txt
0,S43-SR-15.txt
0,S43-SR-16.txt
0,S43-SR-17.txt
0,S43-SR-18.txt
0,S43-SR-19.txt
0,S43-SR-20.txt
0,S43-SR-21.txt
0,S43-SR-22.txt
0,S43-SR-23.txt
0,S43-SR-24.txt
0,S43-SR-25.txt
0,S43-SR-26.txt
0,S43-SR-27.txt
0,S43-SR-28.txt
0,S43-SR-29.txt
0,S43-SR-30.txt
0,S43-SR-31.txt
0,S43-SR-32.txt
0,S43-SR-33.txt
0,S43-SR-34.txt
0,S43-SR-35.txt
0,S43-SR-36.txt
0,S43-SR-37.txt
0,S43-SR-38.txt
0,S43-SR-39.txt
0,S43-SR-40.txt
0,S43-SR-41.txt
0,S43-SR-42.txt
0,S43-SR-43.txt
0,S43-SR-44.txt
0,S43-SR-45.txt
0,S43-SR-46.txt
0,S43-SR-47.txt
0,S43-SR-48.txt
0,S43-SR-49.txt
0,S43-SR-50.txt
0,S43-SR-51.txt
0,S43-SR-52.txt
0,S43-SR-53.txt
0,S43-SR-54.txt
0,S43-SR-55.txt
0,S43-SR-56.txt
0,S43-SR-57.txt
0,S43-SR-58.txt
0,S43-SR-59.txt
0,S43-SR-60.txt
0,S43-SR-61.txt
0,S43-SR-62.txt
0,S43-SR-63.txt
0,S43-SR-64.txt
0,S43-SR-65.txt
0,S43-SR-70.txt
0,S43-SR-71.txt
0,S43-SR-72.txt
0,S43-SR-73.txt
0,S43-SR-74.txt
0,S43-SR-76.txt
0,S43-SR-79.txt
0,S43-SR-80.txt
0,S43-SR-106.txt
0,S43-SR-107.txt
0,S43-SR-108.txt
0,S43-SR-109.txt
0,S43-SR-110.txt
0,S43-SR-111.txt
0,S43-SR-112.txt
0,S43-SR-113.txt
0,S43-SR-114.txt
0,S43-SR-115.txt
0,S89-SR-50.txt
0,S89-SR-60.txt
0,S89-SR-61.txt
0,S89-SR-62.txt
0,S89-SR-118.txt
0,S89-SR-119.txt
0,S89-SR-120.txt
0,S89-SR-121.txt
0,S07-AFb-1.txt
0,S07-AFb-2.txt
0,S07-AFb-3.txt
0,S07-AFb-4.txt
0,S07-AFb-5.txt
0,S07-AFb-37.txt
0,S07-AFb-60.txt
0,S07-AFb-61.txt
0,S07-AFb-62.txt
0,S07-AFb-63.txt
0,S07-AFb-64.txt
0,S07-AFb-65.txt
0,S07-AFb-69.txt
0,S07-AFb-86.txt
0,S07-AFb-87.txt
0,S07-AFb-88.txt
0,S07-AFb-89.txt
0,S07-AFb-97.txt
0,S07-AFb-98.txt
0,S07-AFb-99.txt
0,S07-AFb-100.txt
0,S07-AFb-108.txt
0,S07-AFb-109.txt
0,S80-SR-39.txt
0,S80-SR-40.txt
0,S80-SR-41.txt
0,S80-SR-42.txt
0,S80-SR-43.txt
0,S80-SR-44.txt
0,S80-SR-45.txt
0,S80-SR-46.txt
0,S80-SR-47.txt
0,S80-SR-48.txt
0,S80-SR-49.txt
0,S80-SR-50.txt
0,S80-SR-51.txt
0,S80-SR-52.txt
0,S80-SR-53.txt
0,S80-SR-54.txt
0,S80-SR-55.txt
0,S80-SR-56.txt
0,S80-SR-57.txt
0,S80-SR-58.txt
0,S80-SR-59.txt
0,S80-SR-60.txt
0,S80-SR-61.txt
0,S80-SR-62.txt
0,S80-SR-63.txt
0,S80-SR-64.txt
0,S80-SR-65.txt
0,S80-SR-66.txt
0,S80-SR-67.txt
0,S80-SR-68.txt
0,S80-SR-69.txt
0,S80-SR-70.txt
0,S80-SR-71.txt
0,S80-SR-72.txt
0,S80-SR-73.txt
0,S80-SR-74.txt
0,S80-SR-75.txt
0,S80-SR-76.txt
0,S80-SR-77.txt
0,S80-SR-78.txt
0,S80-SR-79.txt
0,S80-SR-80.txt
0,S80-SR-81.txt
0,S80-SR-82.txt
0,S80-SR-83.txt
0,S80-SR-84.txt
0,S80-SR-85.txt
0,S80-SR-86.txt
0,S80-SR-87.txt
0,S80-SR-88.txt
0,S80-SR-89.txt
0,S80-SR-90.txt
0,S80-SR-91.txt
0,S80-SR-92.txt
0,S80-SR-93.txt
0,S80-SR-94.txt
0,S80-SR-95.txt
0,S80-SR-96.txt
0,S80-SR-97.txt
0,S80-SR-98.txt
0,S80-SR-99.txt
0,S80-SR-100.txt
0,S80-SR-101.txt
0,S80-SR-102.txt
0,S80-SR-103.txt
0,S80-SR-104.txt
0,S80-SR-105.txt
0,S80-SR-106.txt
0,S80-SR-107.txt
0,S80-SR-108.txt
0,S80-SR-109.txt
0,S80-SR-110.txt
0,S80-SR-111.txt
0,S80-SR-112.txt
0,S80-SR-113.txt
0,S80-SR-114.txt
0,S80-SR-115.txt
0,S80-SR-116.txt
0,S80-SR-117.txt
0,S80-SR-118.txt
0,S80-SR-119.txt
0,S80-SR-120.txt
0,S80-SR-121.txt
0,S80-SR-122.txt
0,S80-SR-123.txt
0,S80-SR-124.txt
0,S80-SR-125.txt
0,S80-SR-126.txt
0,S27-SVT-170.txt
0,S27-SVT-171.txt
0,S27-SVT-172.txt
0,S27-SVT-173.txt
0,S27-SVT-174.txt
0,S27-SVT-175.txt
0,S27-SVT-176.txt
0,S27-SVT-177.txt
0,S27-SVT-178.txt
0,S27-SVT-179.txt
0,S27-SVT-180.txt
0,S27-SVT-181.txt
0,S27-SVT-182.txt
0,S27-SVT-183.txt
0,S27-SVT-184.txt
0,S27-SVT-185.txt
0,S27-SVT-186.txt
0,S27-SVT-187.txt
0,S27-SVT-188.txt
0,S27-SVT-189.txt
0,S27-SVT-190.txt
0,S27-SVT-191.txt
0,S27-SVT-192.txt
0,S27-SVT-193.txt
0,S27-SVT-194.txt
0,S27-SVT-195.txt
0,S27-SVT-196.txt
0,S27-SVT-197.txt
0,S27-SVT-198.txt
0,S27-SVT-199.txt
0,S27-SVT-200.txt
0,S27-SVT-201.txt
0,S27-SVT-202.txt
0,S27-SVT-203.txt
0,S27-SVT-204.txt
0,S27-SVT-205.txt
0,S27-SVT-206.txt
0,S27-SVT-207.txt
0,S27-SVT-208.txt
0,S27-SVT-209.txt
0,S27-SVT-210.txt
0,S27-SVT-211.txt
0,S27-SVT-212.txt
0,S27-SVT-213.txt
0,S27-SVT-214.txt
0,S27-SVT-215.txt
0,S27-SVT-216.txt
0,S27-SVT-217.txt
0,S27-SVT-218.txt
0,S27-SVT-219.txt
0,S27-SVT-220.txt
0,S27-SVT-221.txt
0,S27-SVT-222.txt
0,S27-SVT-223.txt
0,S27-SVT-224.txt
0,S27-SVT-225.txt
0,S27-SVT-226.txt
0,S27-SVT-227.txt
0,S27-SVT-228.txt
0,S27-SVT-229.txt
0,S27-SVT-230.txt
0,S27-SVT-231.txt
0,S27-SVT-232.txt
0,S27-SVT-233.txt
0,S27-SVT-234.txt
0,S27-SVT-235.txt
0,S27-SVT-236.txt
0,S27-SVT-237.txt
0,S27-SVT-238.txt
0,S27-SVT-239.txt
0,S27-SVT-240.txt
0,S27-SVT-241.txt
0,S27-SVT-242.txt
0,S27-SVT-243.txt
0,S27-SVT-244.txt
0,S27-SVT-245.txt
0,S27-SVT-246.txt
0,S27-SVT-247.txt
0,S27-SVT-248.txt
0,S27-SVT-249.txt
0,S27-SVT-250.txt
0,S27-SVT-251.txt
0,S27-SVT-252.txt
0,S27-SVT-253.txt
0,S27-SVT-254.txt
0,S27-SVT-255.txt
0,S27-SVT-256.txt
0,S27-SVT-257.txt
0,S27-SVT-258.txt
0,S27-SVT-259.txt
0,S27-SVT-260.txt
0,S27-SVT-261.txt
0,S27-SVT-262.txt
0,S27-SVT-263.txt
0,S27-SVT-264.txt
0,S27-SVT-265.txt
0,S27-SVT-266.txt
0,S27-SVT-267.txt
0,S27-SVT-268.txt
0,S27-SVT-269.txt
0,S27-SVT-270.txt
0,S27-SVT-271.txt
0,S27-SVT-272.txt
0,S27-SVT-273.txt
0,S27-SVT-274.txt
0,S27-SVT-275.txt
0,S27-SVT-276.txt
0,S27-SVT-277.txt
0,S27-SVT-278.txt
0,S27-SVT-279.txt
0,S27-SVT-280.txt
0,S27-SVT-281.txt
0,S27-SVT-282.txt
0,S27-SVT-283.txt
0,S27-SVT-284.txt
0,S27-SVT-285.txt
0,S27-SVT-286.txt
0,S27-SVT-287.txt
0,S27-SVT-288.txt
0,S27-SVT-289.txt
0,S27-SVT-290.txt
0,S27-SVT-291.txt
0,S27-SVT-292.txt
0,S27-SVT-293.txt
0,S27-SVT-294.txt
0,S27-SVT-295.txt
0,S27-SVT-296.txt
0,S27-SVT-297.txt
0,S27-SVT-298.txt
0,S82-SR-49.txt
0,S82-SR-189.txt
0,S82-SR-191.txt
0,S41-AFb-13.txt
0,S41-AFb-110.txt
0,S75-VPD-185.txt
1,S02-VFb-133.txt
1,S02-VFb-134.txt
1,S02-VFb-135.txt
1,S02-VFb-136.txt
1,S02-VFb-137.txt
1,S02-VFb-138.txt
1,S02-VFb-139.txt
1,S02-VFb-140.txt
1,S02-VFb-141.txt
1,S02-VFb-142.txt
1,S02-VFb-143.txt
1,S02-VFb-144.txt
1,S02-VFb-145.txt
1,S02-VFb-146.txt
1,S02-VFb-147.txt
1,S02-VFb-148.txt
1,S02-VFb-149.txt
1,S02-VFb-150.txt
1,S02-VFb-151.txt
1,S02-VFb-152.txt
1,S02-VFb-153.txt
1,S02-VFb-154.txt
1,S02-VFb-155.txt
1,S02-VFb-156.txt
1,S02-VFb-157.txt
1,S02-VFb-158.txt
1,S02-VFb-159.txt
1,S02-VFb-160.txt
1,S02-VFb-161.txt
1,S02-VFb-162.txt
1,S02-VFb-163.txt
1,S02-VFb-175.txt
1,S02-VFb-176.txt
1,S02-VFb-177.txt
1,S02-VFb-178.txt
1,S02-VFb-179.txt
1,S02-VFb-180.txt
1,S02-VFb-181.txt
1,S02-VFb-182.txt
1,S02-VFb-183.txt
1,S02-VFb-184.txt
1,S02-VFb-185.txt
1,S02-VFb-186.txt
1,S02-VFb-187.txt
1,S02-VFb-188.txt
1,S02-VFb-189.txt
1,S02-VFb-190.txt
1,S02-VFb-191.txt
1,S02-VFb-192.txt
1,S02-VFb-193.txt
1,S02-VFb-194.txt
1,S02-VFb-195.txt
1,S02-VFb-196.txt
1,S02-VFb-197.txt
1,S02-VFb-198.txt
1,S02-VFb-199.txt
1,S02-VFb-200.txt
1,S02-VFb-201.txt
1,S02-VFb-202.txt
1,S02-VFb-203.txt
1,S02-VFb-204.txt
1,S02-VFb-205.txt
1,S02-VFb-206.txt
